<?xml version='1.0'?>
<module>
<exporttime>2018-06-13 09:42:27</exporttime>
<name>DataSetRegister</name>
<label>DataSetRegister</label>
<type>entity</type>
<dependencies>
<vtiger_version>4.3.377</vtiger_version>
</dependencies>
<tables>
</tables>
<blocks>
<block>
<label>LBL_BASIC_INFORMATION</label>
<sequence>1</sequence>
<show_title>0</show_title>
<visible>0</visible>
<create_view>0</create_view>
<edit_view>0</edit_view>
<detail_view>0</detail_view>
<display_status>1</display_status>
<iscustom>0</iscustom>
<islist></islist>
<fields>
<field>
<fieldname>subject</fieldname>
<uitype>2</uitype>
<columnname>subject</columnname>
<columntype>varchar(255)</columntype>
<tablename>u_yf_datasetregister</tablename>
<generatedtype>1</generatedtype>
<fieldlabel>FL_SUBJECT</fieldlabel>
<readonly>1</readonly>
<presence>2</presence>
<defaultvalue></defaultvalue>
<sequence>1</sequence>
<maximumlength>255</maximumlength>
<typeofdata>V~M</typeofdata>
<quickcreate>2</quickcreate>
<quickcreatesequence>0</quickcreatesequence>
<displaytype>1</displaytype>
<info_type>BAS</info_type>
<fieldparams></fieldparams>
<helpinfo></helpinfo>
<masseditable>1</masseditable>
<summaryfield>1</summaryfield>
<entityidentifier>
<entityidfield>datasetregisterid</entityidfield>
<entityidcolumn>datasetregisterid</entityidcolumn>
</entityidentifier>
</field>
<field>
<fieldname>number</fieldname>
<uitype>4</uitype>
<columnname>number</columnname>
<columntype>varchar(32)</columntype>
<tablename>u_yf_datasetregister</tablename>
<generatedtype>1</generatedtype>
<fieldlabel>FL_NUMBER</fieldlabel>
<readonly>1</readonly>
<presence>2</presence>
<defaultvalue></defaultvalue>
<sequence>6</sequence>
<maximumlength>32</maximumlength>
<typeofdata>V~O</typeofdata>
<quickcreate>1</quickcreate>
<quickcreatesequence>0</quickcreatesequence>
<displaytype>1</displaytype>
<info_type>BAS</info_type>
<fieldparams></fieldparams>
<helpinfo></helpinfo>
<masseditable>1</masseditable>
<summaryfield>0</summaryfield>
</field>
<field>
<fieldname>assigned_user_id</fieldname>
<uitype>53</uitype>
<columnname>smownerid</columnname>
<columntype>smallint(5) unsigned</columntype>
<tablename>vtiger_crmentity</tablename>
<generatedtype>1</generatedtype>
<fieldlabel>Assigned To</fieldlabel>
<readonly>1</readonly>
<presence>2</presence>
<defaultvalue></defaultvalue>
<sequence>3</sequence>
<maximumlength>65535</maximumlength>
<typeofdata>V~M</typeofdata>
<quickcreate>1</quickcreate>
<quickcreatesequence>0</quickcreatesequence>
<displaytype>1</displaytype>
<info_type>BAS</info_type>
<fieldparams></fieldparams>
<helpinfo></helpinfo>
<masseditable>1</masseditable>
<summaryfield>0</summaryfield>
</field>
<field>
<fieldname>createdtime</fieldname>
<uitype>70</uitype>
<columnname>createdtime</columnname>
<columntype>datetime</columntype>
<tablename>vtiger_crmentity</tablename>
<generatedtype>1</generatedtype>
<fieldlabel>Created Time</fieldlabel>
<readonly>1</readonly>
<presence>2</presence>
<defaultvalue></defaultvalue>
<sequence>4</sequence>
<maximumlength></maximumlength>
<typeofdata>DT~O</typeofdata>
<quickcreate>1</quickcreate>
<quickcreatesequence>0</quickcreatesequence>
<displaytype>2</displaytype>
<info_type>BAS</info_type>
<fieldparams></fieldparams>
<helpinfo></helpinfo>
<masseditable>1</masseditable>
<summaryfield>0</summaryfield>
</field>
<field>
<fieldname>modifiedtime</fieldname>
<uitype>70</uitype>
<columnname>modifiedtime</columnname>
<columntype>datetime</columntype>
<tablename>vtiger_crmentity</tablename>
<generatedtype>1</generatedtype>
<fieldlabel>Modified Time</fieldlabel>
<readonly>1</readonly>
<presence>2</presence>
<defaultvalue></defaultvalue>
<sequence>5</sequence>
<maximumlength></maximumlength>
<typeofdata>DT~O</typeofdata>
<quickcreate>1</quickcreate>
<quickcreatesequence>0</quickcreatesequence>
<displaytype>2</displaytype>
<info_type>BAS</info_type>
<fieldparams></fieldparams>
<helpinfo></helpinfo>
<masseditable>1</masseditable>
<summaryfield>0</summaryfield>
</field>
<field>
<fieldname>created_user_id</fieldname>
<uitype>53</uitype>
<columnname>smcreatorid</columnname>
<columntype>smallint(5) unsigned</columntype>
<tablename>vtiger_crmentity</tablename>
<generatedtype>1</generatedtype>
<fieldlabel>Created By</fieldlabel>
<readonly>1</readonly>
<presence>2</presence>
<defaultvalue></defaultvalue>
<sequence>8</sequence>
<maximumlength>65535</maximumlength>
<typeofdata>V~O</typeofdata>
<quickcreate>3</quickcreate>
<quickcreatesequence>0</quickcreatesequence>
<displaytype>2</displaytype>
<info_type>BAS</info_type>
<fieldparams></fieldparams>
<helpinfo></helpinfo>
<masseditable>0</masseditable>
<summaryfield>0</summaryfield>
</field>
<field>
<fieldname>datasetregister_status</fieldname>
<uitype>16</uitype>
<columnname>datasetregister_status</columnname>
<columntype>varchar(255)</columntype>
<tablename>u_yf_datasetregister</tablename>
<generatedtype>1</generatedtype>
<fieldlabel>FL_STATUS</fieldlabel>
<readonly>1</readonly>
<presence>2</presence>
<defaultvalue></defaultvalue>
<sequence>7</sequence>
<maximumlength>255</maximumlength>
<typeofdata>V~O</typeofdata>
<quickcreate>1</quickcreate>
<quickcreatesequence>0</quickcreatesequence>
<displaytype>1</displaytype>
<info_type>BAS</info_type>
<fieldparams></fieldparams>
<helpinfo></helpinfo>
<masseditable>1</masseditable>
<summaryfield>1</summaryfield>
<picklistvalues>
<picklistvalue>PLL_DRAFT</picklistvalue>
<picklistvalue>PLL_WAITING_FOR_ACCEPTANCE</picklistvalue>
<picklistvalue>PLL_IN_REALIZATION</picklistvalue>
<picklistvalue>PLL_COMPLETED</picklistvalue>
<picklistvalue>PLL_CANCELLED</picklistvalue>
</picklistvalues>
</field>
<field>
<fieldname>legal_basis</fieldname>
<uitype>309</uitype>
<columnname>legal_basis</columnname>
<columntype>text</columntype>
<tablename>u_yf_datasetregister</tablename>
<generatedtype>1</generatedtype>
<fieldlabel>FL_LEGAL_BASIS</fieldlabel>
<readonly>1</readonly>
<presence>2</presence>
<defaultvalue></defaultvalue>
<sequence>10</sequence>
<maximumlength></maximumlength>
<typeofdata>V~O</typeofdata>
<quickcreate>1</quickcreate>
<quickcreatesequence>0</quickcreatesequence>
<displaytype>1</displaytype>
<info_type>BAS</info_type>
<fieldparams>25</fieldparams>
<helpinfo></helpinfo>
<masseditable>1</masseditable>
<summaryfield>1</summaryfield>
</field>
<field>
<fieldname>scope_data</fieldname>
<uitype>309</uitype>
<columnname>scope_data</columnname>
<columntype>text</columntype>
<tablename>u_yf_datasetregister</tablename>
<generatedtype>1</generatedtype>
<fieldlabel>FL_SCOPE_DATA</fieldlabel>
<readonly>1</readonly>
<presence>2</presence>
<defaultvalue></defaultvalue>
<sequence>9</sequence>
<maximumlength></maximumlength>
<typeofdata>V~O</typeofdata>
<quickcreate>1</quickcreate>
<quickcreatesequence>0</quickcreatesequence>
<displaytype>1</displaytype>
<info_type>BAS</info_type>
<fieldparams>26</fieldparams>
<helpinfo></helpinfo>
<masseditable>1</masseditable>
<summaryfield>0</summaryfield>
</field>
<field>
<fieldname>registered_dpo</fieldname>
<uitype>56</uitype>
<columnname>registered_dpo</columnname>
<columntype>tinyint(1)</columntype>
<tablename>u_yf_datasetregister</tablename>
<generatedtype>1</generatedtype>
<fieldlabel>FL_REGISTERED_DPO</fieldlabel>
<readonly>1</readonly>
<presence>2</presence>
<defaultvalue></defaultvalue>
<sequence>12</sequence>
<maximumlength>-128,127</maximumlength>
<typeofdata>C~O</typeofdata>
<quickcreate>1</quickcreate>
<quickcreatesequence>0</quickcreatesequence>
<displaytype>1</displaytype>
<info_type>BAS</info_type>
<fieldparams></fieldparams>
<helpinfo></helpinfo>
<masseditable>1</masseditable>
<summaryfield>0</summaryfield>
</field>
<field>
<fieldname>data_submitted</fieldname>
<uitype>56</uitype>
<columnname>data_submitted</columnname>
<columntype>tinyint(1)</columntype>
<tablename>u_yf_datasetregister</tablename>
<generatedtype>1</generatedtype>
<fieldlabel>FL_DATA_SUBMITTED</fieldlabel>
<readonly>1</readonly>
<presence>2</presence>
<defaultvalue></defaultvalue>
<sequence>11</sequence>
<maximumlength>-128,127</maximumlength>
<typeofdata>C~O</typeofdata>
<quickcreate>1</quickcreate>
<quickcreatesequence>0</quickcreatesequence>
<displaytype>1</displaytype>
<info_type>BAS</info_type>
<fieldparams></fieldparams>
<helpinfo></helpinfo>
<masseditable>1</masseditable>
<summaryfield>1</summaryfield>
</field>
<field>
<fieldname>internal_register</fieldname>
<uitype>56</uitype>
<columnname>internal_register</columnname>
<columntype>tinyint(1)</columntype>
<tablename>u_yf_datasetregister</tablename>
<generatedtype>1</generatedtype>
<fieldlabel>FL_INTERNAL_REGISTER</fieldlabel>
<readonly>1</readonly>
<presence>2</presence>
<defaultvalue></defaultvalue>
<sequence>14</sequence>
<maximumlength>-128,127</maximumlength>
<typeofdata>C~O</typeofdata>
<quickcreate>1</quickcreate>
<quickcreatesequence>0</quickcreatesequence>
<displaytype>1</displaytype>
<info_type>BAS</info_type>
<fieldparams></fieldparams>
<helpinfo></helpinfo>
<masseditable>1</masseditable>
<summaryfield>0</summaryfield>
</field>
<field>
<fieldname>data_set_shared</fieldname>
<uitype>56</uitype>
<columnname>data_set_shared</columnname>
<columntype>tinyint(1)</columntype>
<tablename>u_yf_datasetregister</tablename>
<generatedtype>1</generatedtype>
<fieldlabel>FL_DATA_SET_SHARED</fieldlabel>
<readonly>1</readonly>
<presence>2</presence>
<defaultvalue></defaultvalue>
<sequence>13</sequence>
<maximumlength>-128,127</maximumlength>
<typeofdata>C~O</typeofdata>
<quickcreate>1</quickcreate>
<quickcreatesequence>0</quickcreatesequence>
<displaytype>1</displaytype>
<info_type>BAS</info_type>
<fieldparams></fieldparams>
<helpinfo></helpinfo>
<masseditable>1</masseditable>
<summaryfield>0</summaryfield>
</field>
<field>
<fieldname>parent_id</fieldname>
<uitype>10</uitype>
<columnname>parent_id</columnname>
<columntype>int(10)</columntype>
<tablename>u_yf_datasetregister</tablename>
<generatedtype>1</generatedtype>
<fieldlabel>FL_PARENT_DATA_SET</fieldlabel>
<readonly>1</readonly>
<presence>2</presence>
<defaultvalue></defaultvalue>
<sequence>2</sequence>
<maximumlength>-2147483648,2147483647</maximumlength>
<typeofdata>V~O</typeofdata>
<quickcreate>1</quickcreate>
<quickcreatesequence>0</quickcreatesequence>
<displaytype>1</displaytype>
<info_type>BAS</info_type>
<fieldparams></fieldparams>
<helpinfo></helpinfo>
<masseditable>1</masseditable>
<summaryfield>1</summaryfield>
<relatedmodules>
<relatedmodule>DataSetRegister</relatedmodule>
</relatedmodules>
</field>
</fields>
</block>
<block>
<label>LBL_REGISTER_DATE</label>
<sequence>2</sequence>
<show_title>0</show_title>
<visible>0</visible>
<create_view>0</create_view>
<edit_view>0</edit_view>
<detail_view>0</detail_view>
<display_status>1</display_status>
<iscustom>0</iscustom>
<islist></islist>
<fields>
<field>
<fieldname>added_to_register</fieldname>
<uitype>5</uitype>
<columnname>added_to_register</columnname>
<columntype>date</columntype>
<tablename>u_yf_datasetregister</tablename>
<generatedtype>1</generatedtype>
<fieldlabel>FL_ADDED_TO_REGISTER</fieldlabel>
<readonly>1</readonly>
<presence>2</presence>
<defaultvalue></defaultvalue>
<sequence>1</sequence>
<maximumlength></maximumlength>
<typeofdata>D~O</typeofdata>
<quickcreate>1</quickcreate>
<quickcreatesequence>0</quickcreatesequence>
<displaytype>1</displaytype>
<info_type>BAS</info_type>
<fieldparams></fieldparams>
<helpinfo></helpinfo>
<masseditable>1</masseditable>
<summaryfield>1</summaryfield>
</field>
<field>
<fieldname>removed_from_register</fieldname>
<uitype>5</uitype>
<columnname>removed_from_register</columnname>
<columntype>date</columntype>
<tablename>u_yf_datasetregister</tablename>
<generatedtype>1</generatedtype>
<fieldlabel>FL_REMOVED_FROM_REGISTER</fieldlabel>
<readonly>1</readonly>
<presence>2</presence>
<defaultvalue></defaultvalue>
<sequence>2</sequence>
<maximumlength></maximumlength>
<typeofdata>D~O</typeofdata>
<quickcreate>1</quickcreate>
<quickcreatesequence>0</quickcreatesequence>
<displaytype>1</displaytype>
<info_type>BAS</info_type>
<fieldparams></fieldparams>
<helpinfo></helpinfo>
<masseditable>1</masseditable>
<summaryfield>1</summaryfield>
</field>
</fields>
</block>
<block>
<label>LBL_DESCRIPTION</label>
<sequence>3</sequence>
<show_title>0</show_title>
<visible>0</visible>
<create_view>0</create_view>
<edit_view>0</edit_view>
<detail_view>0</detail_view>
<display_status>1</display_status>
<iscustom>0</iscustom>
<islist></islist>
<fields>
<field>
<fieldname>description</fieldname>
<uitype>300</uitype>
<columnname>description</columnname>
<columntype>text</columntype>
<tablename>vtiger_crmentity</tablename>
<generatedtype>1</generatedtype>
<fieldlabel>FL_DESCRIPTION</fieldlabel>
<readonly>1</readonly>
<presence>2</presence>
<defaultvalue></defaultvalue>
<sequence>0</sequence>
<maximumlength></maximumlength>
<typeofdata>V~O</typeofdata>
<quickcreate>1</quickcreate>
<quickcreatesequence>0</quickcreatesequence>
<displaytype>1</displaytype>
<info_type>BAS</info_type>
<fieldparams></fieldparams>
<helpinfo></helpinfo>
<masseditable>1</masseditable>
<summaryfield>0</summaryfield>
</field>
</fields>
</block>
<block>
<label>LBL_COMMENTS</label>
<sequence>4</sequence>
<show_title>0</show_title>
<visible>0</visible>
<create_view>0</create_view>
<edit_view>0</edit_view>
<detail_view>0</detail_view>
<display_status>1</display_status>
<iscustom>0</iscustom>
<islist></islist>
<fields>
<field>
<fieldname>attention</fieldname>
<uitype>300</uitype>
<columnname>attention</columnname>
<columntype>text</columntype>
<tablename>vtiger_crmentity</tablename>
<generatedtype>1</generatedtype>
<fieldlabel>FL_COMMENTS</fieldlabel>
<readonly>1</readonly>
<presence>2</presence>
<defaultvalue></defaultvalue>
<sequence>0</sequence>
<maximumlength></maximumlength>
<typeofdata>V~O</typeofdata>
<quickcreate>1</quickcreate>
<quickcreatesequence>0</quickcreatesequence>
<displaytype>1</displaytype>
<info_type>BAS</info_type>
<fieldparams></fieldparams>
<helpinfo></helpinfo>
<masseditable>1</masseditable>
<summaryfield>0</summaryfield>
</field>
</fields>
</block>
<block>
<label>LBL_CUSTOM_INFORMATION</label>
<sequence>5</sequence>
<show_title>0</show_title>
<visible>0</visible>
<create_view>0</create_view>
<edit_view>0</edit_view>
<detail_view>0</detail_view>
<display_status>1</display_status>
<iscustom>0</iscustom>
<islist></islist>
</block>
</blocks>
<customviews>
<customview>
<viewname>All</viewname>
<setdefault>true</setdefault>
<setmetrics>false</setmetrics>
<featured>0</featured>
<privileges>1</privileges>
<presence>0</presence>
<sequence>0</sequence>
<description><![CDATA[]]></description>
<sort></sort>
<fields>
<field>
<fieldname>subject</fieldname>
<columnindex>0</columnindex>
</field>
<field>
<fieldname>assigned_user_id</fieldname>
<columnindex>1</columnindex>
</field>
<field>
<fieldname>datasetregister_status</fieldname>
<columnindex>2</columnindex>
</field>
<field>
<fieldname>data_submitted</fieldname>
<columnindex>3</columnindex>
</field>
<field>
<fieldname>registered_dpo</fieldname>
<columnindex>4</columnindex>
</field>
<field>
<fieldname>added_to_register</fieldname>
<columnindex>5</columnindex>
</field>
<field>
<fieldname>removed_from_register</fieldname>
<columnindex>6</columnindex>
</field>
</fields>
</customview>
</customviews>
<sharingaccess>
<default>public_readwritedelete</default>
</sharingaccess>
<actions>
<action>
<name><![CDATA[Import]]></name>
<status>enabled</status>
</action>
<action>
<name><![CDATA[Export]]></name>
<status>enabled</status>
</action>
<action>
<name><![CDATA[ModTracker]]></name>
<status>enabled</status>
</action>
<action>
<name><![CDATA[CreateCustomFilter]]></name>
<status>enabled</status>
</action>
<action>
<name><![CDATA[DuplicateRecord]]></name>
<status>enabled</status>
</action>
<action>
<name><![CDATA[MassEdit]]></name>
<status>enabled</status>
</action>
<action>
<name><![CDATA[MassDelete]]></name>
<status>enabled</status>
</action>
<action>
<name><![CDATA[MassAddComment]]></name>
<status>enabled</status>
</action>
<action>
<name><![CDATA[MassTransferOwnership]]></name>
<status>enabled</status>
</action>
<action>
<name><![CDATA[ReadRecord]]></name>
<status>enabled</status>
</action>
<action>
<name><![CDATA[WorkflowTrigger]]></name>
<status>enabled</status>
</action>
<action>
<name><![CDATA[Dashboard]]></name>
<status>enabled</status>
</action>
<action>
<name><![CDATA[CreateDashboardFilter]]></name>
<status>enabled</status>
</action>
<action>
<name><![CDATA[QuickExportToExcel]]></name>
<status>enabled</status>
</action>
<action>
<name><![CDATA[ExportPdf]]></name>
<status>enabled</status>
</action>
<action>
<name><![CDATA[RecordMapping]]></name>
<status>enabled</status>
</action>
<action>
<name><![CDATA[RecordMappingList]]></name>
<status>enabled</status>
</action>
<action>
<name><![CDATA[FavoriteRecords]]></name>
<status>enabled</status>
</action>
<action>
<name><![CDATA[WatchingRecords]]></name>
<status>enabled</status>
</action>
<action>
<name><![CDATA[WatchingModule]]></name>
<status>enabled</status>
</action>
<action>
<name><![CDATA[RemoveRelation]]></name>
<status>enabled</status>
</action>
<action>
<name><![CDATA[ReviewingUpdates]]></name>
<status>enabled</status>
</action>
<action>
<name><![CDATA[MassArchived]]></name>
<status>enabled</status>
</action>
<action>
<name><![CDATA[MassActive]]></name>
<status>enabled</status>
</action>
</actions>
<relatedlists>
<relatedlist>
<relatedmodule>Calendar</relatedmodule>
<function>getActivities</function>
<label>Activities</label>
<sequence>2</sequence>
<presence>0</presence>
<actions>
<action>ADD</action>
</actions>
</relatedlist>
<relatedlist>
<relatedmodule>Documents</relatedmodule>
<function>getAttachments</function>
<label>Documents</label>
<sequence>3</sequence>
<presence>0</presence>
<actions>
<action>ADD</action>
<action>SELECT</action>
</actions>
</relatedlist>
<relatedlist>
<relatedmodule>Partners</relatedmodule>
<function>getRelatedList</function>
<label>Partners</label>
<sequence>4</sequence>
<presence>0</presence>
<actions>
<action>ADD</action>
<action>SELECT</action>
</actions>
</relatedlist>
<relatedlist>
<relatedmodule>Contacts</relatedmodule>
<function>getRelatedList</function>
<label>Contacts</label>
<sequence>5</sequence>
<presence>0</presence>
<actions>
<action>ADD</action>
<action>SELECT</action>
</actions>
</relatedlist>
<relatedlist>
<relatedmodule>OSSEmployees</relatedmodule>
<function>getRelatedList</function>
<label>OSSEmployees</label>
<sequence>6</sequence>
<presence>0</presence>
<actions>
<action>ADD</action>
<action>SELECT</action>
</actions>
</relatedlist>
<relatedlist>
<relatedmodule>ActivityRegister</relatedmodule>
<function>getDependentsList</function>
<label>ActivityRegister</label>
<sequence>7</sequence>
<presence>0</presence>
<actions>
<action>ADD</action>
</actions>
</relatedlist>
<relatedlist>
<relatedmodule>IncidentRegister</relatedmodule>
<function>getDependentsList</function>
<label>IncidentRegister</label>
<sequence>8</sequence>
<presence>0</presence>
<actions>
<action>ADD</action>
</actions>
</relatedlist>
<relatedlist>
<relatedmodule>AuditRegister</relatedmodule>
<function>getDependentsList</function>
<label>AuditRegister</label>
<sequence>9</sequence>
<presence>0</presence>
<actions>
<action>ADD</action>
</actions>
</relatedlist>
<relatedlist>
<relatedmodule>LocationRegister</relatedmodule>
<function>getRelatedList</function>
<label>LocationRegister</label>
<sequence>10</sequence>
<presence>0</presence>
<actions>
<action>ADD</action>
<action>SELECT</action>
</actions>
</relatedlist>
</relatedlists>
<inrelatedlists>
<inrelatedlist>
<inrelatedmodule>LocationRegister</inrelatedmodule>
<function>getRelatedList</function>
<label>DataSetRegister</label>
<sequence>9</sequence>
<presence>0</presence>
<actions>
<action>ADD</action>
<action>SELECT</action>
</actions>
</inrelatedlist>
</inrelatedlists>
<customlinks>
<customlink>
<linktype>DETAILVIEWWIDGET</linktype>
<linklabel>DetailViewBlockCommentWidget</linklabel>
<linkurl><![CDATA[block://ModComments:modules/ModComments/ModComments.php]]></linkurl>
<linkicon><![CDATA[]]></linkicon>
<sequence>0</sequence>
<handler_path><![CDATA[]]></handler_path>
<handler_class><![CDATA[]]></handler_class>
<handler><![CDATA[]]></handler>
</customlink>
</customlinks>
<crons>
</crons>
</module>
